Date,AMT,BLL,CNC,DG,DLR,EA,EFX,GDX,REGN,SBAC,VFC,VRSN,VRTX
30/04/2019,188.2082062,58.99060059,51.56000137,124.0937881,109.9676743,94.40699005,123.3599701,20.63518906,343.1400146,201.8568726,85.17431641,197.4499969,168.9799957
01/05/2019,185.9049683,57.74071503,49.72999954,121.8597412,109.9022751,94.61644745,121.9104156,20.26970482,340.7900085,201.9361267,83.91126251,194.4400024,172.6000061
02/05/2019,185.7989807,59.0496521,51.61999893,122.6569138,110.9859695,94.15763092,120.764473,19.92397308,335.4100037,202.3126678,84.70518494,194.9799957,169.5399933
03/05/2019,185.9434967,60.56526184,52.59000015,122.7258148,112.7610092,92.26250458,121.6165848,20.04251099,336.8900146,205.0175476,86.04039764,196.9499969,173.8699951
06/05/2019,185.2014771,60.96876907,56.04000092,122.3911896,111.537178,93.51927185,121.3423309,20.05238533,344.230011,204.1456299,84.67810822,197.1300049,174.7599945
07/05/2019,182.9561005,60.98844528,55.84999847,120.3145905,109.6967468,92.49192047,118.7370377,20.45738411,322.3999939,202.4711761,84.47962952,193.1799927,170.2799988
08/05/2019,184.6810913,60.96876907,56.61999893,120.3441162,109.9396515,93.63896179,117.5323257,20.23019028,329,206.0281677,84.55181122,193.1499939,169.0099945
09/05/2019,185.5291443,61.3821106,54.74000168,121.0133514,109.8649063,93.08039856,116.5920715,20.18080139,324.1700134,205.4039764,84.84049988,193.7299957,169.9100037
10/05/2019,188.5550995,63.29138565,55.04999924,119.9110794,109.8462372,93.63896179,116.9446716,20.03263283,312.8599854,208.4556427,83.82106018,194.6399994,168.8500061
13/05/2019,189.7308197,63.38980103,54.90000153,116.387764,109.0334473,90.18785095,114.0357513,20.67470169,305.1499939,207.3459473,81.3039856,189.2100067,164.6100006
14/05/2019,190.8776398,62.43516541,54.74000168,115.4232712,109.2016068,94.32719421,116.2492599,20.58580017,304.6199951,207.5441132,81.51147461,191.25,166.7200012
15/05/2019,193.1904602,61.51988983,54.43000031,116.1712418,109.9022751,96.52153778,116.278656,20.53641129,305.8500061,208.4655457,81.82724762,193.8800049,166.8800049
16/05/2019,194.6841736,61.57894135,55.56999969,117.824646,110.565567,98.74581909,119.0504608,20.30921364,308.0400085,210.3579865,82.36855316,196.8300018,170.2299957
17/05/2019,195.0792999,61.57894135,56.04000092,118.2872009,110.2199249,97.01029205,118.629303,20.49689865,304.9400024,208.0494232,81.91746521,195.3000031,168.7299957
20/05/2019,191.0510712,61.0573349,55.50999832,117.9230499,108.5289612,92.45202637,118.7860184,20.42775154,302.5700073,201.3614807,81.74604797,194.1600037,165.7299957
21/05/2019,190.9739838,61.41163635,57.13999939,119.6256714,109.3043747,95.40442657,120.2551575,20.45738411,309.9500122,203.6105957,83.09028625,195.5599976,169.1199951
22/05/2019,193.3832092,60.52589035,56.77999878,120.1177597,110.565567,93.59906006,121.2933502,20.11165428,320.0899963,204.9382782,81.49343109,197.6900024,172.3699951
23/05/2019,195.5514984,60.08301544,55.41999817,118.7300873,111.4624329,91.87351227,118.9451218,20.19067955,315.2600098,208.0989685,80.56742096,194.6300049,173.0099945
24/05/2019,195.6285706,60.3782692,56.86999893,120.0291901,112.0883789,92.03309631,119.5935822,20.3190918,312.5599976,206.8208313,80.51953125,194.7299957,171.7700043
28/05/2019,195.1949005,60.23064804,56.09000015,118.0608521,111.2475586,93.2599411,121.2442551,20.17092323,307.9299927,201.9559479,79.28356934,194.7799988,172.7599945
29/05/2019,193.8265076,59.54173279,56.22999954,116.6338043,109.7528076,92.31237793,120.2027512,20.17092323,307.7799988,201.8964996,78.78535461,194.5200043,166.5500031
30/05/2019,197.2572174,60.07317734,57,124.9893875,109.9770126,91.89345551,120.9986038,20.51665497,307.9599915,210.6552429,79.26439667,195.9199982,170.2599945
31/05/2019,201.1890717,60.56646729,57.75,125.2649612,109.9770126,92.84101868,118.7879105,21.32665062,301.7200012,214.4203033,78.45000458,194.9799957,166.1799927
03/06/2019,201.6901855,61.21762085,51.81999969,126.9577332,107.3051224,91.07556152,118.4243622,22.21567345,303.9500122,215.4210052,79.48477173,189.3300018,166.6399994
04/06/2019,200.456665,62.24365997,53.93999863,127.9419022,105.3806381,93.88832092,122.0204315,22.31445313,302.0599976,215.4606628,81.53511047,194.2899933,171.2700043
05/06/2019,205.0437927,63.58541489,53.86999893,128.3355408,107.295784,95.00544739,125.7638779,22.35396576,300,218.6906738,82.1483078,200.3300018,173.2700043
06/06/2019,204.9763489,64.77919006,53.88999939,129.3787842,107.9030304,96.14251709,126.8446732,22.59103966,299.6000061,219.4436798,80.92193604,203.2599945,167.75
07/06/2019,204.7451019,65.01597595,54.20999908,131.0420227,108.3701553,96.74098206,127.8959656,22.61079407,306.7200012,218.4727173,81.65451813,207.0899963,173.5099945
10/06/2019,202.2298431,65.430336,54.97000122,132.8332214,109.1455536,95.26477814,127.9352798,22.18603897,304.25,219.5031128,82.59916687,207.1100006,172.8399963
11/06/2019,201.3818054,65.54872894,54.15999985,133.3646545,111.3783493,94.33716583,126.4025269,22.31445313,306.8399963,221.2172394,82.39674377,206.5800018,172
12/06/2019,203.819931,65.70658112,53.68999863,133.8862762,111.537178,92.43206787,128.7016449,22.67993927,306.1600037,224.7642975,81.71234894,206.5,170.6300049
13/06/2019,201.4203644,64.04910278,53.74000168,133.8075562,112.1405334,93.32975769,130.3129883,22.9565258,307.4200134,222.4358978,83.69805145,205.3699951,168.8899994
14/06/2019,203.5597382,64.532547,53.54999924,133.5417938,112.9041672,92.49192047,129.7332764,23.04542732,305.2399902,224.4175262,84.1125412,205.1999969,170.2200012
17/06/2019,206.3158722,64.4437561,55.00999832,133.7484741,115.4778824,92.20265961,130.2835083,23.17384148,310.980011,225.6560516,84.03542328,203.3399963,173.7799988
18/06/2019,207.4966583,65.55858612,55.25999832,134.8802795,115.4213104,91.79371643,130.4407349,23.3812809,306.6300049,227.4394989,85.11503601,205.9299927,177.9400024
19/06/2019,209.2194061,65.76576996,55.45999908,135.9825592,116.9014435,92.34230042,131.5313263,23.70725632,310.8299866,231.3333435,85.1632309,209.4100037,181.75
20/06/2019,210.526001,66.34785461,55.38000107,136.6124268,117.7310562,92.950737,132.6219482,24.7444458,320.480011,231.5315247,85.41384888,211.0200043,182.1699982
21/06/2019,208.2612457,66.18015289,56.36999893,136.582901,116.1001053,95.08524323,131.7278137,24.90249634,320.2600098,229.7777863,85.18250275,210.75,183.9700012
24/06/2019,207.6514893,66.27878571,55.33000183,134.9688416,116.156662,98.74581909,130.833725,25.85078621,312.5499878,230.3821869,84.68125153,209.5700073,181.0200043
25/06/2019,204.0317688,67.14698792,53.90999985,133.8567505,114.0731735,96.6512146,128.6918335,25.31737137,312.8999939,226.2307129,82.32926941,207.8999939,180.1499939
26/06/2019,199.1828461,66.84114075,52.02000046,134.3094482,110.5378494,97.07012939,128.8097382,25.20871544,305.0799866,221.4451141,82.6088028,205.6900024,177.6600037
27/06/2019,199.2312622,67.18647003,52.43999863,134.2996368,110.8678207,98.8854599,130.1164856,25.02103233,310.6700134,222.7628937,83.57273865,207.2899933,178.5800018
28/06/2019,197.8762512,69.05109406,52.43999863,133.0201874,111.0469284,101.0000153,132.8773956,25.24822617,313,222.7727814,84.19928741,209.1600037,183.3800049
01/07/2019,195.7953796,69.31748962,51.34999847,133.7189636,110.3681488,100.6309662,133.457077,24.28017998,316.5599976,222.9214172,85.14395142,211.2899933,181.8399963
02/07/2019,199.0183105,70.60004425,51.54000092,134.9393463,112.3102264,102.4562683,133.7322083,25.23834801,315.5299988,228.3014679,83.5920105,213.8200073,179.5299988
03/07/2019,203.4123535,71.28077698,51.34999847,136.8880005,114.0166168,97.85810089,136.1885223,25.33712769,318.3900146,232.13591,84.768013,217.0599976,183.2599945
05/07/2019,202.3186493,70.80722046,51.47999954,137.7343903,114.1108856,93.35968018,135.6481171,25.08029938,307,230.471344,84.6427002,217.3300018,178.3399963
08/07/2019,202.2315674,69.65291595,51.25999832,136.6887665,113.5358047,93.20009613,133.8206329,25.10993385,302.8399963,231.27388,85.17287445,215.6399994,176.75
09/07/2019,204.515686,69.96862793,50.45000076,137.6554413,114.7142639,91.81365967,134.793335,25.33712769,307.9700012,232.5916748,83.63056946,217.4799957,178.4600067
10/07/2019,204.7286224,69.48519897,51.20999908,139.0167236,115.1290665,93.71875763,132.8872375,25.88042068,301.4299927,233.8004761,83.70768738,218.8699951,178.7599945
11/07/2019,202.531601,70.19553375,53.22000122,138.4544678,114.1014557,93.24996185,134.2824097,25.62359238,291.8200073,233.0177155,84.70053101,218.5899963,176.0099945
12/07/2019,202.2606049,69.06096649,54.50999832,139.5987396,113.1964111,92.5816803,135.255127,25.89029694,292.5599976,231.8188629,85.67409515,219.6499939,175.7899933
15/07/2019,203.9253235,68.36048889,54.06000137,140.3286438,112.7910385,91.98323059,134.8129883,25.86066437,298.2000122,233.1069183,85.24996948,221.0399933,176.3699951
16/07/2019,202.5800018,68.14345551,53.74000168,142.2423248,112.7533264,89.32009125,135.0193176,25.73224831,298.3699951,230.174118,85.12466431,217.5399933,176.1600037
17/07/2019,202.0283203,67.59096527,53.22999954,143.0018768,112.5364838,89.46968842,135.579361,26.75956345,299.4200134,229.7183533,83.32211304,216.9600067,177.1399994
18/07/2019,201.9509125,69.94889832,53.16999817,140.881073,113.384964,88.96100616,136.8075104,27.90541649,303.0899963,229.6687927,84.01615143,214.8000031,178.0899963
19/07/2019,198.9505463,69.75157166,52.65999985,139.361969,110.9903717,87.27534485,134.901413,27.63870811,298.1099854,226.3000641,84.18965149,214.2100067,174.1300049
22/07/2019,200.0539093,70.15607452,52.18999863,136.1659546,110.8395386,87.91369629,135.4319763,27.84614754,296.519989,228.1825867,83.70768738,215.9400024,174.0800018
23/07/2019,200.1507111,70.81708527,52.56000137,135.3570709,110.5944138,87.99349976,138.035675,27.53005028,309.2600098,231.0261993,85.08610535,215.7400055,175.2400055
24/07/2019,198.2053223,71.06374359,53.72999954,137.26091,110.7924042,89.54948425,139.7649231,27.8066349,313.6300049,231.9278412,86.10787964,216.8399963,173.3399963
25/07/2019,198.8150787,70.33366394,52.13000107,135.850296,106.3708801,88.93109131,135.1863403,27.09541702,303.4200134,231.6404877,86.11751556,215.8500061,169.5599976
26/07/2019,198.0117493,71.17225647,53.41999817,136.0969238,105.1453018,89.28018188,139.8533783,26.94724655,309.1799927,234.6426544,85.41384888,216.5800018,166.8300018
29/07/2019,198.9602661,71.31037903,53.84000015,133.9563599,104.8436203,88.64183044,140.2267303,27.43126869,306.0400085,234.801178,85.14395142,215.5399933,166.2299957
30/07/2019,201.9412079,71.80367279,53.79999924,132.3780975,107.4738922,88.34259033,138.9297791,27.49053764,311.1300049,246.1459198,84.98007965,213.9299927,169.5399933
31/07/2019,204.8157043,70.52111053,52.09000015,132.200531,107.8132935,92.26250458,136.6601257,26.17676163,304.7600098,243.1536713,84.23784637,211.0899963,166.6199951
01/08/2019,204.6124725,73.73737335,51.34999847,130.3559113,108.9163208,94.3571167,135.7856903,27.51029396,309.4299927,244.5209656,80.362854,212.8000031,179.2899933
02/08/2019,208.5419312,73.72751617,50.97000122,131.875,110.5001373,92.65150452,135.6579742,27.43126869,305.2399902,246.3341522,79.79413605,209.4700012,178.3899994
05/08/2019,207.0223999,72.26737213,48.52000046,130.8491516,108.8974686,88.3625412,132.3271637,28.25114632,299.5700073,242.7276001,77.55781555,200.3000031,175.5599976
06/08/2019,209.97435,72.95798492,48.95000076,132.6345825,110.3870087,89.8686676,135.009491,28.32029152,300.2600098,245.7000275,78.69524384,204.3600006,176.9400024
07/08/2019,210.4389191,74.28000641,48.95999908,132.7627869,111.7445831,92.03309631,137.799881,28.90309525,302.2200012,245.4523468,78.78201294,206.1399994,175.6499939
08/08/2019,213.9134827,75.05940247,49.45000076,135.524765,112.8853073,94.98550415,141.4941711,29.4068737,309.8699951,250.237915,80.63274384,211.3200073,182.9400024
09/08/2019,215.0845642,76.42088318,48.70000076,133.7393646,113.4132538,91.73386383,139.2245483,29.00187492,304.8900146,251.9520111,79.75557709,207.8200073,182.9799957
12/08/2019,215.0748901,75.80921173,47.95999908,133.1080475,112.8947372,91.53437805,137.416687,28.64626694,295.8699951,252.4969635,78.97478485,204,179.8399963
13/08/2019,213.9909058,78.22634125,49.72999954,133.5420532,113.3095474,92.1029129,140.266037,28.10297585,304.8599854,257.3816528,79.79413605,208.9600067,183.9100037
14/08/2019,211.8422852,75.81906891,47.77999878,132.0328369,111.2449188,87.87380219,137.4953156,28.06346321,293.5299988,252.4077911,76.53604889,201.8800049,179.5299988
15/08/2019,216.9912109,76.95365143,47.56000137,131.9933777,113.658371,87.65436554,138.821701,28.37956047,293.1099854,257.460907,74.6852951,203.3999939,181.1199951
16/08/2019,215.7620544,78.56178284,48.00999832,134.0648804,116.5903244,89.33005524,141.2289124,27.93504906,296.8500061,257.8968811,75.9384079,205,184.9400024
19/08/2019,217.9494019,78.67030334,47.43999863,136.2251434,117.2125473,90.67658997,141.4843597,27.58931923,298.3800049,258.4418335,77.10476685,206.8999939,187.0899963
20/08/2019,218.3074951,78.12767792,46.54000092,135.347229,116.0435333,92.46199036,140.2562103,28.49809647,296.0299988,257.6590881,77.018013,206.8800049,183.7200012
21/08/2019,220.0690002,78.66044617,46.93000031,136.905777,116.2320862,93.79855347,141.7005157,28.3499279,297.7799988,258.0256958,78.08798218,208.0700073,186.3999939
22/08/2019,221.1626434,78.69004059,45.54999924,137.8428802,115.8361435,94.37706757,141.7793427,28.14248848,295.019989,258.1346436,78.08798218,205.1999969,184.2100067
23/08/2019,219.2850342,77.1509552,44.72000122,135.1302185,113.8092041,92.67145538,139.6513214,29.27845955,286.8500061,258.4021606,75.52391815,200.5200043,180.1799927
26/08/2019,222.6724854,77.70345306,45.27000046,137.3299408,114.2522964,94.13768005,141.2965851,29.27845955,284.730011,262.5536804,76.8155899,202.9900055,180.6399994
27/08/2019,222.401474,77.95996857,45.02999878,136.8663025,113.4509506,93.8184967,142.5674896,30.18723679,281.4100037,262.7719421,76.69026947,203.7899933,178.25
28/08/2019,222.7402191,78.20661926,45.31999969,139.1153717,114.3371429,92.1627655,142.7448273,30.03906822,287.6400146,261.0951538,78.28076172,203.7799988,178.3399963
29/08/2019,223.0015717,79.35105133,46.31999969,153.9709015,116.5243378,92.79114532,143.8975067,29.29821587,290.5700073,260.4700317,80.29537201,205.9600067,178.9799957
30/08/2019,222.7886353,79.47954559,46.61999893,153.9709015,116.5526047,93.43947601,144.2127838,29.49577713,290.0499878,260.3807373,78.99406433,203.8500061,180.0200043
03/09/2019,230.1926575,79.00509644,46.13999939,153.5171661,118.3438568,94.58653259,143.4640045,29.99955559,285.1199951,263.7938843,78.03013611,202.1499939,178.6999969
04/09/2019,233.3188171,79.84525299,45.61000061,155.6576843,119.2111816,97.69850922,144.252182,30.57248306,286.5,267.1772461,79.14830017,203.5299988,176.8300018
05/09/2019,228.1698608,77.79922485,46.13999939,157.6502991,119.4185867,97.19979858,144.606842,28.95248413,289.3699951,261.1447144,83.38959503,206.5800018,179.8600006
06/09/2019,225.1114807,77.39396667,45.88999939,159.3469238,121.2569504,98.27702332,144.5871277,28.13261032,292,260.3311768,84.44992065,207.5700073,181.3300018
09/09/2019,216.7976685,74.20133972,46.22999954,158.5775299,120.7573013,98.42664337,142.3605957,27.39175797,279,250.032196,86.82318878,201.8800049,174.8099976
10/09/2019,209.2581482,71.05812836,47.31000137,154.9573364,120.3424835,99.24453735,137.9272308,27.17444229,283.7200012,239.2073822,87.00724792,196.7100067,171.0099945
11/09/2019,205.8609772,71.04824829,46.77999878,153.8919983,121.1438293,98.85553741,139.0503387,27.38187981,283.3299866,240.3484344,87.97592926,190.75,173.1100006
12/09/2019,211.8132629,72.51112366,44.88999939,154.9672241,120.2976685,98.08750916,139.838501,26.93736839,284.1799927,243.9798279,87.52063751,191.1799927,172.4499969
13/09/2019,208.4451294,71.8884201,45.40000153,155.63797,118.1965256,98.22715759,139.2079773,26.31505203,281.6199951,241.6184235,87.47221375,188.7400055,174.9400024
16/09/2019,209.8001251,71.3645401,46.11999893,151.0905609,120.164566,98.86550903,137.9075317,26.95712471,285.8900146,244.3667755,85.65107727,189.5500031,177.5500031
17/09/2019,214.1844788,74.13214874,45.54999924,154.6910248,121.7713242,98.16730499,139.4936829,27.77700043,288.1199951,251.0144653,85.16673279,191.1999969,176
18/09/2019,214.4844971,73.64782715,46,154.5726318,119.1282501,98.02766418,139.5232239,27.28310013,285.0599976,251.4113464,84.84708405,189.8999939,174.5200043
19/09/2019,219.7689362,73.42048645,46.45000076,154.6811371,117.7306595,99.43405151,139.2473755,27.75724411,286.1499939,249.2483826,84.3336792,191.0899963,176.1399994
20/09/2019,218.3074951,72.98556519,46.38999939,154.1089935,118.8715515,98.44658661,138.9616699,28.34004974,295.8699951,254.7649231,82.98719788,190.6900024,178.1199951
23/09/2019,218.1333008,73.61816406,46.38999939,156.5553589,120.088501,97.92792511,138.8631439,28.80431557,294.7000122,253.5743256,84.85677338,189.8200073,175.8800049
24/09/2019,217.9203796,73.85538483,45.77999878,156.6539612,121.2769394,97.11003113,138.7646637,29.13029099,289.7099915,252.7805786,83.73308563,186.7799988,172.5200043
25/09/2019,214.90065,72.64951324,45.33000183,156.9893494,121.3815079,97.3793335,140.7251587,28.08321953,286.6499939,244.088974,84.2949295,189.9299927,171.5
26/09/2019,216.7571869,73.608284,43.13000107,157.33461,122.1991653,96.37192535,141.0897064,27.76712227,281.3099976,244.0492859,85.31204987,191.1900024,169.5500031
27/09/2019,212.8497314,71.94771576,43.16999817,157.84758,122.5033951,95.42436218,139.2178345,27.11517334,273.4599915,234.9806671,86.0094986,187.25,166.7400055
30/09/2019,214.9395599,71.96748352,43.25999832,156.7822266,123.4160995,97.56884766,138.5872955,26.38419914,277.3999939,239.2669067,86.20323181,188.6300049,169.4199982
01/10/2019,214.7062683,71.27558899,42.75,156.8808746,122.7030487,96.50159454,136.2228241,26.59163857,276.4700012,235.228714,86.22261047,183.9499969,167.5800018
02/10/2019,213.8314667,70.0005188,42.72999954,155.4801483,121.3720093,94.00801849,132.4298248,27.07566071,274.1300049,231.9544678,83.99462891,177.9499969,166.7100067
03/10/2019,217.6319885,70.8110199,43.22999954,155.272995,123.2639847,94.09777832,134.4790497,26.91761398,280.7200012,235.4271393,84.44022369,181.4100037,170.5
04/10/2019,219.6051788,71.8884201,43.56999969,158.7846527,123.8534698,95.36452484,135.9962311,27.53005028,282.9299927,234.7326202,85.91262817,184.3399963,172.4199982
07/10/2019,218.9733734,71.61165619,43.81999969,158.1520844,121.9424515,93.32975769,135.7203827,27.24358749,283.8099976,234.5043945,85.53485107,183.4400024,172.0500031
08/10/2019,219.770401,70.58368683,42.75999832,157.9840698,122.6460114,92.30240631,134.0554199,28.01407433,285.1000061,235.3080902,84.24649811,180.9600067,169.5500031
09/10/2019,220.2272797,71.43373871,43.81999969,158.9823608,124.2242508,92.6415329,137.4543304,27.70785332,290.8299866,236.7765198,85.68013763,184.0299988,168.7299957
10/10/2019,219.9453735,71.99713135,44.09000015,158.6561737,124.2147369,92.29242706,139.4148407,27.70785332,298.3599854,240.9238892,85.84482574,185.5500031,170.2200012
11/10/2019,218.1666107,71.76980591,44.27000046,160.3660889,122.9407349,93.94816589,141.7990417,26.64102745,300.769989,239.5844116,88.04373169,186.4900055,172.4100037
14/10/2019,219.323288,72.07621765,43.90000153,159.3381653,123.4541473,93.63896179,141.2079163,26.73980713,305.4400024,238.979187,88.09217072,185.75,173.5899963
15/10/2019,217.9333496,71.32500458,45.20999908,160.1881866,123.3970718,94.90570831,142.813797,25.87054253,303.8200073,237.143631,88.65399933,186.6600037,176.1399994
16/10/2019,215.7560425,71.74015045,45.54000092,160.3562012,124.1672058,95.9729538,143.0305176,26.38419914,299.3999939,231.121048,88.49901581,185.3399963,176.0899963
17/10/2019,219.5857391,73.01522827,47.18000031,160.9788666,125.2795486,96.51157379,144.5280304,26.74968529,301.5700073,238.1656036,88.67337799,186.5500031,177.7200012
18/10/2019,222.676712,73.25244141,46.88000107,162.5010223,126.4299698,94.88574982,142.5379333,26.78919983,300.1900024,242.1938934,89.5742569,185.5099945,176.2299957
21/10/2019,222.9780273,71.45350647,45.77000046,162.4417114,127.7134781,95.56401062,143.3556519,26.25578499,297.9899902,243.9103851,90.49450684,187.4400024,183.5299988
22/10/2019,220.3925018,70.03017426,48.75,163.8748474,128.1698303,94.05789185,137.2671509,26.21627235,301.3099976,243.0670166,90.24265289,181.6100006,191.0599976
23/10/2019,219.6926727,70.25749969,48.38999939,161.0876007,129.0540161,95.46426392,137.3065338,26.48297882,305.019989,246.0435791,88.62494659,182.7599945,190.5099945
24/10/2019,217.2140656,70.96918488,47.63999939,161.0184326,127.7324905,95.73357391,135.651413,27.18431854,305.769989,244.6346893,87.97592926,185.7299957,194.4700012
25/10/2019,210.6044006,71.07790375,48.22999954,160.2968903,126.2778473,96.06272125,135.8583221,27.40163612,306.2099915,242.2434998,81.51480865,190.1600037,194.4900055
28/10/2019,204.8501129,70.51448822,48.59999847,160.7515411,125.7644348,96.47167206,134.666214,26.72992897,308.5599976,240.6163025,80.83673096,190.9199982,194.0200043
29/10/2019,210.1086884,71.89830017,49.90999985,158.7550049,124.1576996,94.16761017,133.8287964,26.87809944,310.4599915,236.8162079,78.63780975,189.4499969,197.8899994
30/10/2019,211.1584625,73.10418701,54.04000092,159.7532806,123.03582,96.47167206,133.0110931,27.11517334,311,240.0011597,79.75179291,191.7100067,199.2799988
31/10/2019,211.9749298,69.16035461,53.08000183,158.4782562,120.782547,96.15249634,134.6859436,27.8066349,306.2799988,238.7708282,79.71304321,190.0200043,195.4799957
01/11/2019,209.4866028,67.56897736,52.13000107,158.0433655,120.5543747,95.05532074,136.6464844,27.66834259,310.480011,238.3044739,80.29426575,188.0700073,200.9400024
04/11/2019,205.1611938,65.77993774,51.70999908,156.3730164,117.9588394,97.897995,132.8042145,27.18431854,311.0400085,232.7680817,82.14445496,186.6000061,199.4199982
05/11/2019,200.2428284,63.96121979,51.84000015,157.8358002,117.2552872,98.00772095,131.2771759,26.64102745,332.6000061,226.9736633,83.50060272,186.5599976,197.1399994
06/11/2019,202.1576843,65.88865662,50.83000183,157.7567291,116.656311,98.41666412,133.1786041,26.96700096,324.4899902,229.6922607,83.413414,185.6600037,195.9700012
07/11/2019,199.9317932,64.31704712,53.09000015,157.3811493,112.8343201,96.98036957,131.9076843,26.16688347,326.3900146,224.9595032,83.7040329,185.8899994,195.8300018
08/11/2019,200.1067352,63.90191269,55.06000137,156.0270691,110.8282623,98.01769257,131.9766541,25.91005516,341.7900085,226.6760254,84.34336853,183.7899933,201.3099976
11/11/2019,201.5453033,63.79317856,53.95999908,155.1770325,110.9138336,96.14251709,132.9421539,25.91993332,344.2799988,226.8347473,83.69434357,185.7400055,201.8999939
12/11/2019,200.9621124,63.62514877,55.20000076,155.1572723,110.3814087,96.08267212,133.1096191,26.26566315,348.4100037,224.6221771,82.06695557,184.3899994,203.8600006
13/11/2019,204.4321747,64.37636566,55.34999847,156.1555634,110.4099274,95.75352478,133.9470215,26.42371178,348.2999878,229.5137024,83.0743866,185.9600067,207.1000061
14/11/2019,205.8707428,64.97930908,54.65000153,157.6381531,111.3511658,97.28956604,135.6218872,26.67066193,338.3900146,233.1451111,83.15187073,187.25,205
15/11/2019,207.3967896,64.84091949,57.56000137,158.2805634,113.0149689,97.28956604,136.3509216,26.41383362,344.8699951,235.4072876,84.15930176,186.8099976,209.8000031
18/11/2019,208.3299255,66.80788422,59.36000061,158.1224365,114.5361633,97.13995361,137.4247894,26.86822319,340.1900024,234.3158875,84.50802612,189.5599976,210
19/11/2019,209.535202,66.47182465,59.38999939,156.5904236,115.9812775,96.44174957,139.2473755,26.89785767,344.4599915,238.1159973,83.62654114,193.4600067,215
20/11/2019,211.7999573,66.65962982,59.45999908,159.0811615,115.3632965,97.86808014,137.8287201,27.0065136,344.2399902,239.2388763,82.8225174,192.5,215.0700073
21/11/2019,207.562027,65.3944397,59.68999863,158.913147,113.9371796,98.75579071,136.3270264,26.49285698,350.7799988,236.2179871,82.14445496,189.1499939,215.5
22/11/2019,204.2280579,64.96942139,59.45000076,157.9346313,113.7090073,98.93533325,136.4554443,26.43358994,360.6600037,230.8916168,83.80090332,188.4400024,218
25/11/2019,203.8392639,64.21820068,61.16999817,158.0631256,112.4730453,99.54376984,137.1667786,25.88042068,366.8200073,230.0866852,83.83965302,188.1300049,223.2700043
26/11/2019,208.7770386,65.92818451,60.02000046,156.6299591,114.6787796,99.02509308,139.5971375,26.45334625,363.8299866,235.6018677,84.90519714,191.6699982,219.0500031
27/11/2019,208.8936768,65.77993774,60.43999863,156.5805511,115.2302017,100.5312271,139.6267853,26.33480835,371.5799866,236.0490417,86.26136017,191.8399963,220.0599976
29/11/2019,208.0383301,65.44309235,60.47000122,155.5328674,114.9925079,100.7506638,137.9571228,26.74968529,369,234.9857483,85.76732635,190.7400055,221.75
02/12/2019,203.7031708,65.17562103,60.18000031,152.8839874,113.3857574,100.1422272,136.5641327,26.83858871,366.0799866,230.6829376,85.23455048,184.9499969,220.7899933
03/12/2019,205.2972717,65.81956482,60.06999969,151.2234955,112.2828903,101.0099869,134.5190887,27.43126869,368.8099976,233.495163,83.29718018,186.5299988,221.1300049
04/12/2019,207.3870697,65.13599396,59.97999954,151.7670898,113.2336349,100.3716278,134.7759399,27.14480782,369.9700012,233.8827209,85.2829895,186.8000031,223.9100037
05/12/2019,207.5523071,65.52235413,60.02000046,153.299118,111.7314529,101.857811,136.2776184,27.28310013,368.3399963,234.4590759,86.39697266,185.5700073,223.0700073
06/12/2019,206.2595215,62.95654297,60.97999954,152.9235077,112.5395966,102.9649582,136.8308716,26.64102745,372.2600098,235.0056305,87.58844757,188.2599945,223.25
09/12/2019,206.6969299,63.53112793,59.16999817,153.0223389,112.8723526,101.7680359,136.0010071,26.59163857,365.6300049,236.2577209,88.47465515,188.5599976,219.3699951
10/12/2019,204.1211395,63.3131752,59.61999893,152.5775757,111.7980042,101.5785217,134.8747253,26.79907608,367.6700134,234.1212158,87.90982056,188.1399994,220.2700043
11/12/2019,205.6374664,63.27355194,58.63999939,152.7159576,111.256073,102.9350357,134.311615,27.37200165,373.5299988,234.2901459,89.26348114,189.9199982,220
12/12/2019,203.819809,62.81784821,58.52000046,153.7735138,110.0373993,104.8201752,136.8605194,27.32261086,372.1600037,226.6186218,90.91902924,189.9700012,220.5500031
13/12/2019,206.5705872,62.74850082,57.70999908,152.8345795,109.1161804,104.2815704,137.0284729,27.38187981,376.4200134,234.0019684,90.71452332,191.4900055,218.9799957
16/12/2019,209.5643616,63.37261963,60.02000046,150.9961548,110.8242569,105.4485626,136.5838928,27.05590439,376.0100098,233.2069855,91.58125305,192.6600037,219.5
17/12/2019,205.9971161,63.59057236,58.93999863,153.3781586,109.2121353,105.4784851,134.5190887,26.82871056,369.1000061,226.1714325,92.53562927,190.9299927,217.6199951
18/12/2019,211.8485718,63.79860306,60.34999847,153.4967804,111.7166901,106.8050766,135.9911194,27.11517334,371.3599854,232.4318695,93.97693634,190.1499939,219.3500061
19/12/2019,217.9235992,63.12495804,61.86999893,155.1770325,114.1924591,107.0644073,136.1195526,27.14480782,372.5499878,236.6552124,94.36647797,190.1999969,217.7799988
20/12/2019,221.3645172,64.57131958,61.93000031,154.8904114,113.2520523,107.6728363,136.9395599,26.79907608,375.6199951,239.7059326,94.69759369,192.4499969,220.6900024
23/12/2019,220.6160583,64.64066315,62.90000153,153.3584137,111.9086151,107.5132523,137.759552,27.62576103,374.2000122,239.099762,95.77856445,192.4299927,219.9799957
24/12/2019,220.7230072,64.62085724,63.22999954,154.4357605,112.0237656,108.2713089,137.8188324,28.51113701,376.5100098,238.6426544,96.3141861,192.75,220.5599976
26/12/2019,222.4804077,64.30384064,63.40000153,153.5066681,113.3384247,108.2313995,138.5202789,28.92895699,374.8599854,239.7456665,96.80112457,193.7100067,220.25
27/12/2019,223.6617889,64.08589172,63.65000153,154.8311005,113.4055862,108.1516037,138.5202789,28.7200489,373.3200073,239.8947449,97.34647369,194.0500031,220.9700012
30/12/2019,223.4372253,63.83823395,63.04000092,155.522995,113.5303421,106.6554565,137.2458038,29.33682632,373.7000122,236.9930878,96.95693207,192.3300018,218.9700012
31/12/2019,224.3842926,64.06607819,62.86999893,154.1688843,114.9025574,107.2339706,138.4313507,29.12791824,375.480011,239.4773865,97.05431366,192.6799927,218.9499969
02/01/2020,223.09552,63.28345871,61.88000107,154.7223816,113.2328644,107.0644073,140.673996,29.19755363,373.3500061,237.3706665,97.60941315,196.7299957,219.4499969
03/01/2020,223.2029114,64.16513824,61.15999985,153.5857391,115.0944901,106.9247589,141.1482086,29.01848984,369.1600037,239.5171356,96.99588013,200.8800049,217.9799957
06/01/2020,223.1443329,63.57074738,63.02999878,153.0608215,114.0581207,108.5007019,141.7508698,29.06822777,371.7399902,239.735733,96.61608124,202.7400055,224.0299988
07/01/2020,218.3895111,63.32308197,63.02999878,150.7531281,112.9353943,108.1117096,141.4841156,29.34677505,373.1300049,235.95961,96.13890076,203.2100067,223.7899933
08/01/2020,220.2836151,63.86794662,64.37000275,150.0994263,113.9141769,109.2088852,144.5171204,28.20274925,382.4200134,238.523407,94.50282288,204.1499939,231.0899963
09/01/2020,221.1135254,66.09693146,64.16000366,151.1195679,113.9237823,109.079216,146.19664,27.89435959,383.4700012,239.6860657,93.27575684,208.8800049,230.2599945
10/01/2020,225.3411102,65.65113831,64.48000336,151.7534332,115.5071182,108.3111954,144.9518127,28.30222893,381.4100037,243.2932587,92.57459259,209.1199951,228.9499969
13/01/2020,229.8420715,66.86965179,63.40000153,152.6448212,117.0424805,109.5380402,146.7992706,27.62576103,378.9299927,248.4805145,93.42184448,211.75,226.4900055
14/01/2020,228.4165955,65.92853546,63.16999817,156.4678802,115.8717728,109.2986603,145.4062653,28.1132164,387.6199951,247.0992584,94.00614929,209.3699951,229.75
15/01/2020,229.8127747,67.57302856,64.51999664,155.0911865,116.1020737,109.3285828,147.9650421,28.64046288,390.75,247.9339752,93.20759583,211.7400055,234.1499939
16/01/2020,226.7470703,68.53396606,65.12999725,156.7551117,118.6738129,110.9743423,149.1999817,28.52108574,385.5700073,249.1562653,92.64274597,213.5399933,235.5
17/01/2020,227.8991241,68.59339905,64.54000092,156.4778137,119.4126968,112.6400604,151.1857605,28.27238464,385.9400024,250.4580078,91.80524445,214,235.8300018
21/01/2020,231.1308441,68.61322784,65.48999786,156.0320892,120.6505814,112.1213913,152.4799652,28.79963303,363.7099915,252.8429565,92.15583038,214.4400024,233.9900055
22/01/2020,229.5979919,71.179039,66.76000214,153.0211792,121.1783676,112.7996445,152.8850555,28.69020271,359.1400146,251.0244446,92.09740448,214.0899963,234.6100006
23/01/2020,232.2048492,71.19884491,68.01999664,153.6550598,121.9748306,113.1886444,153.0826416,28.51113701,356.6000061,253.4093628,83.17688751,215.0200043,233.9100037
24/01/2020,231.9021759,71.25828552,66.61000061,152.8627167,123.0783615,112.0415955,152.1539612,29.06822777,345.2799988,251.5610504,82.31990051,212.75,229.0599976
27/01/2020,231.8533325,73.26932526,63.41999817,154.3681793,123.8076706,110.2761383,151.1857605,28.92895699,339.4200134,251.153656,80.35271454,209.7700043,227.3699951
28/01/2020,231.5702057,71.99137115,65.25,155.1605225,124.5753555,111.6127014,152.7862396,28.16295624,344.0799866,250.1698303,81.44342804,210.9700012,231.9700012
29/01/2020,227.9186859,71.91212463,65.19999695,154.2592316,122.4738235,111.9218979,152.5589905,28.71010017,339.25,247.7749634,81.86218262,212.1300049,232.4100037
30/01/2020,229.6370544,72.41736603,63.52000046,155.4873657,120.6601715,111.3533707,150.889389,28.58077431,336.1799927,252.1473541,82.34912109,213.3399963,230.3099976
31/01/2020,226.2588959,71.50595093,62.81000137,151.9416199,118.0212708,107.6429138,148.0934753,28.83942413,337.9400024,247.993576,80.80068207,208.1399994,227.0500031
03/02/2020,228.533783,73.45755005,62.88000107,153.2886047,118.1651993,104.7703171,150.4349365,28.41165733,341.1199951,248.0134583,80.74226379,210.5599976,230.5099945
04/02/2020,231.8338165,74.30951691,61.97000122,154.4969482,119.9404831,106.7950974,153.467926,27.90430641,356,252.5746613,81.75506592,214.4799957,239.6600037
05/02/2020,230.7891388,75.91439056,66.06999969,155.754776,118.8561249,107.5431747,154.0112915,27.90430641,372.1600037,252.9721527,82.38806915,213.2599945,240.7599945
06/02/2020,232.1853027,77.27159882,64.34999847,153.9819031,119.0096588,109.7175827,154.090332,28.25248718,389.8500061,254.8900299,81.88166809,216.9400024,239.1199951
07/02/2020,233.1030731,76.20167542,63.15999985,153.4866943,118.2995605,108.809906,153.7346649,27.78492928,381.8699951,257.1954956,80.79094696,205.0700073,240.0599976
10/02/2020,237.9262238,76.0035553,63,154.100769,120.9864426,108.4209061,152.8554077,28.24254036,386.2099915,263.0783386,81.15127563,205.8300018,244.75
11/02/2020,248.256012,76.91496277,63.70999908,154.4573212,120.4490585,108.7600403,151.4623871,28.28233337,396.75,282.2174377,80.79094696,204.4600067,247.8099976
12/02/2020,250.1208038,75.81533813,66.48999786,157.1413727,121.9172516,109.4382935,152.6578064,27.97394371,406.2999878,290.9720764,81.73558807,208.2899933,242.2100067
13/02/2020,250.8237915,76.44934082,65.88999939,158.3199768,121.4182587,108.5605545,160.3045197,28.17290306,398.8099976,287.9611511,81.85244751,209.8099976,240.0899963
14/02/2020,250.1891632,76.49887848,64.94000244,156.5174103,126.1874771,109.4083786,160.9960938,28.16295624,399.5499878,292.7608032,81.47264862,209.5700073,243.8200073
18/02/2020,246.9476929,77.31123352,66.70999908,160.1621857,127.8187866,109.1789627,157.7062531,29.0781765,397.6499939,289.8889771,80.50852203,210.4799957,245.9299927
19/02/2020,242.2319489,76.29084778,67.37000275,162.2222595,127.0607147,109.4981384,159.9291077,29.59547615,400.8099976,288.0307007,81.2194519,211.2299957,247.7799988
20/02/2020,241.6851807,75.88466644,65.73000336,164.1437073,130.7935638,108.9196243,159.4845428,29.59547615,399.1400146,290.2963867,81.79402161,209.0599976,245.1000061
21/02/2020,241.1676941,76.14224243,65.48999786,165.2827148,132.5496368,107.7326889,157.6074371,30.49080086,403.1499939,293.794281,81.53107452,206.1199951,246.2899933
24/02/2020,239.3126526,75.6568222,59.34999847,163.2820129,129.8051605,106.7552032,153.8236084,30.88872337,425.3800049,293.6552124,79.69049835,200.4100037,237.0099945
25/02/2020,240.3182983,73.83400726,55.95000076,159.9541779,128.14505,105.1094284,150.355896,29.81433296,442.3500061,289.2629089,75.22051239,193.6499939,230
26/02/2020,236.9303436,74.96335602,54.38999939,161.1129913,125.1127243,106.2664566,151.5414429,29.71485329,457.9200134,286.47052,74.39272308,195.8500061,232.0399933
27/02/2020,227.4207306,71.33753967,52.61999893,156.1509399,118.2132034,102.4762115,143.3414612,28.00378609,431.6099854,270.1834106,71.28613281,190.5399933,223.3000031
28/02/2020,221.4357147,69.94772339,53.02000046,148.8613739,115.2576218,101.1097336,140.3282013,26.08381081,444.5700073,263.4261169,70.11751556,189.75,224.0299988
02/03/2020,235.0557709,74.62347412,55.43999863,158.0723877,125.2182846,106.6155624,149.0517883,27.14825439,464.75,283.2608032,72.6982193,196.8500061,232.2899933
03/03/2020,236.9108429,75.59635162,54.02999878,154.9228058,124.3546371,106.4260406,149.8343048,28.53103447,461.5499878,284.8607483,69.64031982,189.0500031,228.2599945
04/03/2020,245.7077332,77.98882294,62.45999908,158.6270294,129.526886,111.5428772,161.3242035,28.97869682,493.480011,301.3366394,72.36711121,199.7799988,245.3200073
05/03/2020,241.0993805,76.46994019,59.72000122,155.9726715,124.6233139,109.9270325,156.7480621,29.66511345,488.1700134,298.434967,69.69874573,192.3099976,237.3099976
06/03/2020,240.4940338,75.49707794,58.56000137,156.8640594,123.0591812,107.3935547,152.7166748,29.2572422,494.4299927,283.7775574,68.29640198,192.0099945,233.5
09/03/2020,226.3760376,71.98281097,55.36000061,157.7554321,115.7949982,100.6708679,140.3452148,27.16814995,474.4400024,263.4775085,61.17749405,176.8099976,219.6499939
10/03/2020,238.1019745,72.42955017,60.36999893,164.6587219,129.01828,103.1145706,151.4092102,27.34721565,475.019989,280.5775452,63.8936615,186.0599976,230.5099945
11/03/2020,227.391449,69.25280762,57.95000076,156.1212463,131.465271,100.9202194,144.0992584,25.03926468,464.7000122,273.4210205,61.50108337,178.0299988,220.3399963
12/03/2020,212.6778717,62.7206459,57.13000107,140.6111145,123.1839218,93.11032867,134.1842499,22.19412041,431.8900146,262.7310181,54.27431107,165.6699982,204.0599976
13/03/2020,233.3374023,63.37584686,63.56999969,144.4143677,137.5491486,96.81079865,139.3745422,18.90131187,465.5499878,280.5775452,58.38288116,182.6199951,220.8600006
16/03/2020,197.9545593,58.00518417,54.02999878,134.7973022,124.0959702,88.44233704,127.7063293,22.37318611,440.8299866,255.5147552,54.63711929,160.2799988,199.7700043
17/03/2020,222.1484528,64.16009521,57.99000168,153.0509033,133.6998596,95.16503906,132.7282104,25.3675518,491.6900024,273.1820984,59.50072861,176.1900024,210.4400024
18/03/2020,212.0041962,63.98140717,52.68000031,147.31633,132.829422,89.97838593,122.9320755,19.57778168,485,259.0382996,56.18641663,164,212.9799957
19/03/2020,204.0567322,59.67296982,53.59999847,141.6312561,121.1558228,89.8287735,114.3146515,21.15952301,489.8299866,243.9986572,55.97069168,164.6000061,215.6900024
20/03/2020,190.7686157,54.49092102,48.84999847,138.7887268,117.2194901,86.71678925,104.6472855,20.44326019,438.4500122,228.2622681,51.7542572,157.1300049,206
23/03/2020,174.8541565,51.56236649,45.54999924,138.5312195,104.3563004,95.22488403,103.6270599,21.81609344,455.6300049,214.4568329,45.09621811,151.1699982,202.2100067
24/03/2020,185.7697449,57.79671097,48.72999954,140.4625702,112.8866272,94.05789185,112.5812683,25.01936913,449.5299988,241.1121368,51.41106033,170.5299988,223.1300049
25/03/2020,194.5470581,55.61270523,52.29000092,135.9164886,117.4419403,89.40985107,114.6217117,26.17334366,429.7799988,242.0079651,56.92183685,166.9700012,210.0899963
26/03/2020,216.944519,62.10515594,58.29999924,139.1750183,129.7248535,98.94529724,120.4954224,25.71573448,452.2999878,263.2585449,60.72643661,175.8999939,224.4900055
27/03/2020,213.3125153,63.91191483,55.09999847,144.721405,128.4868774,95.12513733,118.4153519,24.24342155,449.519989,260.1630249,56.66689682,173.9100037,217.2400055
30/03/2020,225.1263123,65.51022339,57.70999908,145.3651733,135.2182922,97.4391861,120.9411545,23.80570602,473,277.3625793,58.58880234,188.5500031,231.9199982
31/03/2020,212.599762,64.189888,59.40999985,149.5645752,134.3478546,99.91281128,118.3162994,22.92033005,488.2900085,268.7130432,53.0289917,180.0899963,237.9499969
01/04/2020,202.0747375,63.70344543,56.11999893,151.6940155,130.0633392,97.27959442,112.3930664,23.90518761,496.6499939,259.2572937,47.73394012,175.4600067,225.4799957
02/04/2020,215.5288086,64.09061432,56.36000061,158.1714172,130.5759277,102.0273666,108.2725449,24.90994072,498.75,273.6599121,48.16538239,181.8000031,242.1600037
03/04/2020,217.5303345,61.71798706,54.59999847,160.6474762,132.0073395,102.5659866,105.608078,24.82040787,493.3200073,263.5671082,47.93005753,182.6900024,238.3099976
06/04/2020,229.6174927,65.14291382,60.11999893,168.3999481,134.9184723,106.2365341,112.7694473,26.20318794,504.269989,276.1681519,53.60752487,195.8500061,255.3000031
07/04/2020,222.382782,65.38115692,60.15000153,167.9334106,135.8856354,106.04702,115.1367645,25.95448685,501.5100098,275.3719177,55.24507523,190.9499969,247.6699982
08/04/2020,243.3547211,67.09857941,65.15000153,167.973114,141.0212402,106.525795,121.5156479,26.06391525,512.3300171,300.653656,56.86300659,193.1999969,249.6600037
09/04/2020,253.4598999,69.43149567,66.41999817,167.9929657,143.4197845,105.5283585,123.0410385,28.79963303,512.960022,304.3861694,58.05929184,196.0700073,246.6100006
13/04/2020,244.8713837,66.83054352,65.15000153,170.3058014,136.0887299,109.0193787,120.2676086,30.62012672,517.0200195,287.6544495,56.38253021,199,252.2799988
14/04/2020,250.1068726,67.46589661,66.40000153,176.7579041,140.1217957,111.742363,128.5581665,30.59028244,524.8400269,301.2010193,58.41230011,204.3399963,262.4100037
15/04/2020,242.645813,67.14822388,69.01999664,174.8123474,136.2724915,113.2185669,123.080658,29.99339867,511.6900024,300.4147644,54.76459122,201.3000031,255.2299957
16/04/2020,246.8518372,67.30706787,72.84999847,178.8027344,137.2880096,117.7967758,120.8420944,30.75939941,539.9299927,307.2627258,53.78402328,206.1199951,264.7600098
17/04/2020,249.0872192,69.68960571,71.29000092,180.7681274,144.2999115,114.8543549,126.7554398,29.78449059,568.789978,313.3641663,56.38253021,209.9299927,270.4599915
20/04/2020,243.8125153,68.04167175,68.41999817,177.6810455,138.9998779,115.1136932,124.6159363,30.58033371,567.9899902,298.8719788,54.74498749,210.8999939,273.2600098
21/04/2020,237.2632751,65.06348419,66.23999786,177.4229736,139.9476776,112.9791718,128.8057861,30.40126801,544.460022,292.6610413,52.30337524,206.75,262.7999878
22/04/2020,248.0283508,66.13563538,68.34999847,177.8299255,144.2805634,114.2758408,131.2325439,32.34114075,558.0800171,305.1326904,53.21530151,215.6600037,269.3699951
23/04/2020,243.7340851,64.42815399,69.23999786,175.1994629,143.6519012,114.1661301,130.0736389,33.24641418,565.5200195,305.242157,53.29374313,213,267.9100037
24/04/2020,239.8221893,64.7954483,70.58000183,174.6832886,145.1026459,116.0113754,130.1726837,33.75376511,566.210022,304.366272,53.50947189,212.1300049,269.8599854
27/04/2020,245.3223877,67.07873535,70.81999969,178.16745,149.1647034,115.7221222,136.7793884,33.61449432,547.5200195,307.3622437,56.58844757,214.2299957,268.5100098
28/04/2020,238.7633362,66.52281189,67.16999817,177.1152496,149.087326,111.0641098,139.3448029,33.63439178,528.6099854,303.8885193,58.34366226,211.0700073,256.9599915
29/04/2020,232.1748657,66.32424927,66.16999817,173.5120087,143.7292786,112.4904404,142.1380463,33.85324478,516.1500244,290.1129456,59.10849762,211.3899994,251.0500031
30/04/2020,233.3415833,65.1131134,66.58000183,174.0083313,144.5803833,113.9666443,137.5817108,32.09243774,525.8800049,288.5701599,56.97086716,209.4900055,251.1999969
01/05/2020,229.6159515,65.13298035,64.97000122,171.7252655,141.1276398,112.9791718,136.5812683,33.11709213,525.5,285.4248962,54.35276031,205.0200043,254.8999939
04/05/2020,231.9983826,65.66905975,65.86000061,174.1472778,140.9825592,116.5300369,140.3650513,33.81345367,541.8200073,287.1567688,54.63711929,208.8399963,264.6900024
05/05/2020,235.5573273,65.77826691,68.34999847,173.5814819,143.139328,119.3029022,145.2284241,34.60929871,574.3699951,293.1388245,54.57828903,210.5500031,272.3299866
06/05/2020,232.6160431,65.24217987,65.5,172.6186218,144.7834778,115.0239182,144.8718262,33.52495956,553.5,287.0075073,54.93129349,212.4199982,270.0599976
07/05/2020,230.6453857,65.41094208,64.61000061,172.3208618,144.1354675,116.5001221,146.9024048,34.84804916,559.8300171,284.7977905,56.16680527,211.7799988,270.0100098
08/05/2020,233.694519,64.09061432,65.87999725,175.0605011,140.2958527,116.3205795,147.9622498,34.678936,563.4000244,290.5011292,57.09833908,210.0399933,271.6300049
11/05/2020,233.5670624,62.90926361,67.54000092,181.6912842,139.6188507,117.0686569,146.1397095,33.713974,574.1099854,295.1792603,56.18641663,212.1499939,285.2799988
12/05/2020,227.1550751,61.47973633,66.75,180.3909302,128.5642395,116.071228,144.089325,33.66423416,557.539978,287.8236694,54.70576477,208.8600006,276.4700012
13/05/2020,226.6256409,60.72526169,64.69000244,180.232132,129.0381317,116.5998611,141.5437469,33.90298843,577.1199951,282.7673035,51.73464584,212.0899963,277.0299988
14/05/2020,225.1255798,61.58893585,65.83999634,180.1626282,128.3611298,116.8192978,143.6634216,34.97737503,570.8599854,281.6127014,54.36256027,214.9600067,277
15/05/2020,225.08638,61.77755356,68.69999695,180.6788025,126.4751968,117.8267059,143.0493011,36.38005447,576.7199707,282.7772217,50.9501915,217.25,288.6900024
18/05/2020,231.4101257,63.88214493,67.73999786,180.7085724,127.1134949,116.8192978,144.7133789,35.74337769,560.2800293,287.9829102,55.35293579,217.0800018,284.1300049
19/05/2020,225.4687347,63.81264877,66.91000366,180.1427765,127.0941772,118.2356491,144.8223419,37.01672745,557.5999756,282.9762878,53.77422714,212.4100037,282.2799988
20/05/2020,225.6354065,63.72331238,65.31999969,177.2542267,128.3901672,119.2430573,148.0910034,36.41984558,576.8900146,282.428894,54.89206696,215.8099976,284.6199951
21/05/2020,223.6941681,63.57439804,65.65000153,177.0954132,126.4558563,117.0586777,145.6876984,35.47478104,560.9799805,279.9803467,55.19604492,211.0599976,284.6300049
22/05/2020,237.684845,64.04097748,64.83999634,177.6611786,131.3496552,119.5123672,146.0154114,35.36534882,569.9099731,288.6099548,54.55867767,213.7200012,284.9599915
26/05/2020,239.1554871,66.05622101,64.48999786,179.0310364,133.7965698,116.3405228,150.2062988,33.90298843,545.210022,292.1235352,58.65744019,208.2200012,266.5
27/05/2020,247.0773315,68.10124207,65.69000244,185.8206329,134.7443848,117.0786209,149.8587189,33.53490829,544.0100098,301.9581909,60.97157669,209.9799957,278.5100098
28/05/2020,253.0677338,70.0370636,66.90000153,182.7533875,141.2533569,121.0384369,152.9373322,33.8234024,578.210022,309.7341919,57.64746094,212.7799988,277.3800049
29/05/2020,253.1167908,70.89263153,66.25,190.0988617,138.8451233,122.5645065,152.5003662,34.14173889,612.8099976,313.1636047,55.00973892,219.0099945,287.9599915
01/06/2020,259.1365967,70.80308533,65.69999695,190.0889435,137.7619171,122.4647598,153.9800873,35.19623566,599.4699707,316.7026978,56.94145203,219.0299988,286.6400146
02/06/2020,258.4306946,71.60891724,66.26999664,190.3668823,135.4020538,122.045845,165.9667969,33.91293335,617.6599731,317.2809143,58.19657516,217.3899994,284.269989
03/06/2020,262.1563416,73.56876373,65.36000061,188.3518219,134.9088287,117.6272125,172.8092499,32.65948105,604.2800293,313.9811096,62.75620651,213.9600067,277.0100098
04/06/2020,254.6364594,75.0112915,64.38999939,184.5103607,132.4618988,116.8791428,175.351593,32.93802643,598.539978,299.6652527,62.8444519,210.2299957,272.8200073
05/06/2020,259.7052612,73.54886627,65.11000061,184.2919922,136.6399994,118.0162125,175.7885437,32.29140091,597,296.2657471,66.98244476,211.2799988,265.6900024
08/06/2020,261.6563416,73.6980896,67.18000031,184.6294556,136.9495087,119.2031631,178.2117157,32.6097374,604.039978,293.7335815,66.74711609,214.4499969,265.0100098
09/06/2020,260.5582275,72.06655121,65.66999817,184.8776093,136.8334503,120.7591553,173.8222198,32.88828659,608.5900269,307.3016968,63.64626312,213.4299927,270.8500061
10/06/2020,260.1464539,72.44458771,64.41000366,188.7290497,133.7385254,124.4895477,173.8321533,34.35064697,606.5900269,305.1782227,62.787117,213.1499939,274.3399963
11/06/2020,246.5871429,66.81376648,60.25999832,186.8926697,129.5314026,122.1056824,167.4862366,32.65948105,596.1599731,289.1078491,59.05425644,204.1600037,263.8900146
12/06/2020,253.0285339,67.97773743,61.93999863,182.6441956,132.6426544,121.6568451,166.8208618,32.47046661,588.3900146,296.4551697,60.48617172,204.1699982,268.5599976
15/06/2020,257.3522034,67.84840393,61.97999954,186.4757843,136.0757751,126.1951599,167.7941132,33.33594513,590.5700073,298.4490356,62.33285141,205.8500061,267.769989
16/06/2020,259.5973816,69.81819916,64.08000183,189.473526,138.9919586,125.407196,168.5687256,32.47046661,592.9000244,301.1108398,65.14731598,207.3999939,273.769989
17/06/2020,258.8032227,69.24118042,63.52999878,188.3617554,141.9081268,127.7810822,169.2936707,32.67937469,603.0999756,296.9735718,62.81674194,209,280.0899963
18/06/2020,253.6147766,70.10670471,63.95000076,189.9102936,139.6259003,129.0178986,169.6611176,32.26155853,597.3499756,288.4000549,62.70811844,207.2299957,279.1900024
19/06/2020,261.4910278,70.31562042,64.22000122,187.3889771,136.3976288,129.8557434,166.7414093,33.37574005,643.9199829,301.3699951,62.50073624,205.2599945,293.269989
22/06/2020,260.5065002,70.71355438,63.09999847,190.7242126,138.6018219,129.3869476,170.1874695,34.68888092,628.4799805,296.2059326,61.81933975,205.75,293.2000122
23/06/2020,260.4080505,70.20619202,63.77000046,188.5702362,138.4067688,130.2646942,170.4456787,35.18628311,628.7600098,292.8762207,61.90821457,207.1900024,295.7999878
24/06/2020,250.2476807,68.62438965,61.88000107,190.4363861,136.5634155,130.5339966,165.0233459,34.55955887,605.039978,286.8846741,58.29385757,202.7299957,291.1799927
25/06/2020,250.4249115,68.84324646,63.36000061,189.2650452,139.5381317,130.4043274,166.7811432,34.77841568,619.960022,288.4000549,59.06413269,205.1100006,295.1499939
26/06/2020,242.6667938,66.992836,59.75,187.9944763,137.119339,130.5938263,166.3739777,35.00722122,611.3599854,293.2849731,56.4274292,203.6399994,286.1400146
29/06/2020,249.8735657,68.03742218,62.59000015,188.6198578,136.6707153,130.3544464,166.5626526,35.37530136,610.8699951,288.2903442,59.6072731,204.1000061,285.1799927
30/06/2020,254.5402527,69.13175201,63.54999924,189.1062317,138.6018219,131.710968,170.6939545,36.48948288,623.6500244,297.0035095,60.18003845,206.8300018,290.3099976
01/07/2020,261.2842712,70.31562042,65.41000366,189.4933624,143.7514954,134.872818,172.3722992,36.37010574,609.1699829,300.4229431,59.84428024,210.4799957,286.2799988
02/07/2020,260.1225281,71.43979645,66.51999664,188.0838165,144.9218445,133.4963684,170.7138062,35.98212814,622.4500122,299.6552734,60.81206131,210.8099976,291.1000061
06/07/2020,261.8553162,72.06655121,66.62999725,186.1146698,144.1611023,133.9252625,170.3662415,36.64865112,627.25,301.4597473,62.2044754,212.1999969,291.3099976
07/07/2020,261.8553162,72.30530548,65.83000183,186.7909546,143.8490295,134.43396,167.5358887,37.5340271,640.8800049,304.5502014,59.08388519,211.1100006,299.0599976
08/07/2020,260.6049194,71.76808929,65.58999634,185.5080261,143.4783936,135.2618256,167.9331512,38.75763702,640.3400269,302.2472839,59.92328262,210.8000031,295.9200134
09/07/2020,261.4910278,71.38011169,63.31000137,188.7004395,143.4003754,138.4137115,160.673584,38.58852386,640.6300049,306.8331604,57.54333878,212.6100006,295.3999939
10/07/2020,260.260376,72.02675629,62.84000015,187.2086639,143.7514954,140.4484711,161.9844818,38.20055008,620.8599854,303.48349,59.9825325,209.9900055,294.4500122
13/07/2020,251.9706116,71.2607193,63.52999878,185.4384155,139.167511,134.9625854,162.5108185,36.93714523,615.8800049,290.8325195,59.30113602,201,284.8200073
14/07/2020,254.9340363,73.23051453,65.27999878,188.6904907,143.1565399,138.1743317,162.3121948,38.3895607,641.2299805,296.2059326,59.48876953,198.6499939,293.8299866
15/07/2020,253.2898712,69.16159821,65.59999847,188.3921356,140.6109619,138.0745697,163.8018494,38.46914291,632.7399902,292.0088806,61.87858963,199.1900024,295.1099854
16/07/2020,253.4966431,69.11185455,66.02999878,187.8849335,136.992569,137.6955719,164.0699921,37.88221359,632.210022,290.6630554,61.54283142,198.3899994,290.5599976
17/07/2020,255.1014252,69.92763519,66.26999664,187.4473419,140.2013397,137.954895,165.6490173,39.10582352,644.0599976,296.7243652,58.97525406,199.6999969,294.5299988
20/07/2020,256.4994507,72.38490295,64.86000061,191.7138367,140.679245,141.166626,166.6421204,40.1702652,658.210022,299.8546753,57.20757675,207.6600037,303.1000061
21/07/2020,255.1998749,72.30530548,65.87000275,190.8088379,139.7624512,138.9822388,165.1822357,40.69750977,638.8599854,295.9367676,58.92587662,205.0099945,291.3999939
22/07/2020,255.0325317,72.80273438,66.81999969,194.08078,141.2936859,137.9449158,166.8506622,41.5331459,637.5300293,297.2826233,58.94562531,205.8099976,291.230011
23/07/2020,253.9101105,72.6137085,67.73999786,190.5999603,142.1909637,135.0124664,175.4210968,40.7472496,630.3099976,297.7611389,59.39001465,205.4799957,284.4599915
24/07/2020,252.3644257,72.78283691,67.51000214,190.6496887,143.3613586,134.8927917,166.0065308,41.61273575,608.9400024,297.7611389,59.15301132,208.5299988,278.4899902
27/07/2020,256.2828674,74.18556213,67.26999664,188.9092712,147.2821045,135.8104095,164.2189331,43.61229324,637.4000244,303.5532837,60.06153488,209.7899933,284.2099915
28/07/2020,262.6724243,73.6980896,64.23000336,188.9888306,150.1690369,134.43396,161.2595062,43.33374786,631,311.2794189,60.05166245,206.4199982,278.519989
29/07/2020,267.0929871,73.38969421,66.33999634,190.3314667,153.3193207,135.5809937,164.4870911,42.90597916,632.1599731,316.5930481,61.13794327,208.7299957,278.7200012
30/07/2020,258.4291077,73.07133484,66.80999756,190.2717896,154.8115387,138.2341614,162.3022614,41.41377258,631.4699707,310.4519958,59.74552917,208.4799957,279.3999939
31/07/2020,257.3461609,73.25041199,65.25,189.3568115,156.5768585,141.2563782,161.4382629,42.71696472,632.0700073,310.5815735,59.6072731,211.6799927,272
03/08/2020,252.6105347,73.7975769,63.09999847,191.8331757,156.6938934,141.9944916,161.7362061,42.31904602,645.1799927,304.450531,59.06413269,212.0500031,279.519989
04/08/2020,256.1450195,74.74267578,62.63999939,194.3592529,157.1230316,145.9443207,159.6407471,44.24896622,648.4299927,309.3553772,58.73824692,214.3800049,275.7099915
05/08/2020,251.3405151,74.65313721,63.97999954,194.210083,155.6698151,145.8046875,161.4978485,44.29870605,624.5200195,305.5371704,61.16756439,212.1600037,273.230011
06/08/2020,251.5571136,74.0562439,63.72000122,191.4950562,153.1242371,146.5726929,161.6567535,44.00026703,621.210022,306.3845215,59.23200989,211.8000031,273.3399963
07/08/2020,253.624588,75.14061737,64.27999878,194.2200317,154.6945038,143.6203003,165.4901123,42.51800537,620.210022,310.3223572,60.51579666,210.3999939,272.9899902
10/08/2020,249.4896088,74.94164276,63,192.2309723,154.3336334,140.3387451,163.5337067,42.16982269,608.2399902,299.9045105,63.21175766,206.3000031,268.730011
11/08/2020,242.3911591,73.56876373,62.88000107,190.0430298,147.8868256,135.3515778,163.3648834,38.84717178,598.8599854,294.7304993,63.65614319,201.8000031,261.8599854
12/08/2020,247.4122314,73.99653625,65.05000305,195.7515869,150.6274261,139.540802,165.7086029,39.02623749,612.3499756,303.4536133,62.92537308,205.2200012,270.8500061
13/08/2020,246.851059,74.84217072,64.68000031,195.0057068,148.3842163,141.4060059,165.5894318,40.41896439,610.8900146,303.6928406,63.03400421,210.3000031,267.1499939
14/08/2020,246.2504883,75.11077881,64.63999939,197.4621735,149.5350952,140.0694427,163.6032257,40.14041901,612.5700073,302.2373352,63.43888474,207.2899933,267.2900085
17/08/2020,247.0282898,75.81711578,64.12000275,199.6302185,152.6561127,140.089386,163.2357788,42.73686218,620.7299805,306.7932739,62.33285141,206.75,273.8399963
18/08/2020,248.6428986,75.96633148,63.13999939,196.8952789,152.59758,142.2139282,163.6628265,42.43841934,618.5900269,306.5241089,61.26632309,206.9900055,271.3099976
19/08/2020,241.436142,75.48880768,63.47000122,199.0335236,148.2281647,141.4957733,160.7033844,40.79698944,629.6300049,297.3025513,60.63430786,206.1499939,270.0700073
20/08/2020,243.8482513,75.36943817,62.40000153,196.7162781,151.3199005,143.111618,160.345871,41.75200653,616.8900146,298.8876648,60.23929214,208.1600037,271.4299927
21/08/2020,245.4825592,76.22499847,62.47000122,197.8400879,150.7444763,140.8474579,158.230545,40.6776123,605.4899902,304.5003357,60.89105988,206.7299957,271.2799988
24/08/2020,241.6429138,76.85175323,60.27999878,197.233429,149.0767059,141.9645691,158.6685944,40.43886185,594.7700195,301.0507202,65.15718842,207.3000031,267.4299927
25/08/2020,242.5978851,77.07061768,60.79000092,197.571579,150.9297943,141.8448944,159.4650116,40.36922836,610.5,303.9961548,63.63639069,205.6999969,272.3500061
26/08/2020,243.149231,78.51313782,59.38000107,202.9718018,150.1593018,143.2612305,160.5501556,41.38392639,612,302.9877014,63.26113129,208.5099945,271.2900085
27/08/2020,244.1337738,78.93097687,60.49000168,200.2368622,149.9057159,141.4060059,165.4481964,40.44881058,614.9699707,305.4538574,65.78920746,207.8699951,274.3399963
28/08/2020,245.7286987,79.85617065,60.47999954,199.292099,150.4811401,140.508316,167.618454,41.7420578,602.6099854,305.7134705,67.09275055,208.1399994,269.9599915
31/08/2020,245.295517,80.10535431,61.31999969,200.7739258,151.8075714,139.1119232,167.5189056,42.05044556,619.9299927,305.5936584,64.93005371,214.8000031,279.1199951
01/09/2020,244.1928253,81.7000885,61.36999893,198.8047638,149.769165,137.9349365,167.937027,41.45355988,592.6799927,306.1427917,65.72994995,215.7799988,275.4899902
02/09/2020,252.5317993,84.31145477,61.97999954,202.9817657,151.1736298,139.2016754,173.3527527,41.54309464,610.1500244,313.6810608,67.5568924,219.6999969,281.8900146
03/09/2020,248.4164581,82.96589661,60.22999954,195.7217712,144.5024719,132.4790039,168.0963287,41.07553864,577.4000244,306.2925415,67.68526459,207.7799988,267.4200134
04/09/2020,246.1126556,82.19844818,59.66999817,194.6476898,141.5960388,129.7958984,165.6472931,40.64776993,580.3599854,299.8226624,67.36925507,203.5399933,266.5
08/09/2020,242.9917145,80.28475952,57.15999985,191.3458557,140.7475128,123.9808578,163.0887756,40.36922836,561.8900146,305.3140869,67.5272522,196.8099976,258.6099854
09/09/2020,248.5149231,81.35124207,57.34999847,196.3681793,143.9367828,128.3695679,166.9514465,42.12008286,571.1500244,312.8722839,67.62670898,200.3300018,263.0400085
10/09/2020,244.5374146,80.73327637,57.09999847,196.0399933,142.0349426,126.9332657,160.968277,41.36403275,550.0999756,302.9078369,68.01456451,198,255.6499939
11/09/2020,245.9255981,81.41104126,56.43999863,199.4014893,142.005661,125.6964417,161.8244476,40.94621277,544.75,304.0960083,69.64556122,198.1300049,257.9599915
14/09/2020,249.9720154,83.00576782,58.22000122,201.0026703,141.8090973,125.8560333,162.5910034,42.56774521,564.2000122,309.2080078,72.80810547,202,264.7999878
15/09/2020,259.6696472,84.1519928,58.18000031,201.7584839,144.7577209,128.0005188,159.5147858,42.56774521,579.9000244,322.8467712,74.37943268,204.3300018,266.8500061
16/09/2020,259.2167358,84.3911972,59.90000153,201.6391602,147.8537598,126.4145966,158.409729,42.62743378,569.1500244,321.6386414,76.02037811,202.9900055,267.5499878
17/09/2020,246.851059,83.82307434,60.41999817,202.3850555,144.2171326,124.9384003,158.4495697,41.88132858,565,311.8638916,74.18052673,203.4900055,271.4599915
18/09/2020,241.7019806,82.6170578,61.13000107,206.9598541,142.3988342,125.5767517,155.2240295,41.14517212,555.2399902,308.219574,71.73403168,204.6799927,265.3900146
21/09/2020,237.2420502,80.76317596,55.99000168,201.828125,139.430542,127.9606171,154.4076996,39.63306808,555.7000122,304.5852356,68.31291962,202.8899994,264
22/09/2020,238.197052,81.31137085,54.34000015,207.1985168,140.95401,130.6836243,155.39328,39.81213379,571.5100098,312.7125549,68.89968109,205.2899933,267.5799866
23/09/2020,232.0634308,79.58706665,54.93999863,203.10112,136.8062744,128.090271,151.4808197,37.43454742,565.1900024,304.6551208,68.69083405,200.1399994,263.8200073
24/09/2020,232.5261688,79.83624268,54.29999924,203.8967285,138.8309784,128.9879761,151.2618103,38.48904037,557.460022,305.793335,68.98918915,202.0099945,263.1300049
25/09/2020,237.2451324,81.20173645,55.40999985,207.2482605,139.5877991,130.8531799,155.711853,38.22044373,574.0599976,313.5312805,70.15276337,205.5800018,268.1799927
28/09/2020,237.4331055,81.9691925,55.52000046,208.6505432,143.4406738,131.9403687,157.4042664,38.66810608,571.9199829,309.9967957,70.79920197,204.7200012,267.730011
29/09/2020,237.5518188,82.08880615,55.86000061,208.4914093,144.9936218,129.6861877,157.1354523,39.16550827,573.6099854,313.3815002,69.27759552,204.9100037,270.3099976
30/09/2020,239.1446075,82.84630585,58.33000183,208.4715118,144.2466278,130.0751801,156.199646,38.95660019,559.7800293,317.9843445,69.86435699,204.8500061,272.1199951
01/10/2020,239.5601196,82.32801056,58.81999969,210.3611145,144.728241,132.4390869,157.3047028,39.36447144,568.1400146,314.6894531,71.1870575,207.2200012,273.5100098
02/10/2020,240.6978149,82.39778137,59.97999954,210.3611145,146.7922821,128.7386322,158.2504578,38.76758957,564.7999878,317.6249084,72.13183594,202.1600037,260.7999878
05/10/2020,240.7274933,85.08889771,62.25999832,212.3834229,149.3772278,130.3843842,159.1564026,39.36447144,605.0800171,321.4289551,74.4987793,203.4499969,268.980011
06/10/2020,238.432312,84.03237915,62.25,211.4868164,150.4092407,124.5194702,156.5680084,37.91205597,581.6400146,314.5497131,74.25015259,202.0899963,260.980011
07/10/2020,239.1841888,86.26500702,64.62000275,213.7183533,149.9669495,124.6890411,160.3510437,38.15080643,591.6900024,312.8223877,76.53752136,203.8200073,265.8200073
08/10/2020,240.9550476,88.7069397,64.68000031,218.0518951,154.1638336,125.6665192,161.0678253,38.76758957,599.8800049,314.8292542,77.90000153,205.4700012,268.5299988
09/10/2020,242.0630493,89.96279144,64.19999695,220.1439362,155.6283112,127.1227722,163.5467072,40.5681839,602.0700073,314.1403198,77.18395233,209.5599976,269.9500122
12/10/2020,243.7448883,89.38469696,65.30000305,219.7255402,156.3359833,130.5439758,163.8254547,40.45875549,601.5499878,313.4414063,77.44252777,214.1499939,274.6000061
13/10/2020,239.817337,89.96279144,65.37000275,222.156311,155.2744751,132.5986786,164.1539917,40.04093933,607.9799805,308.339386,76.39829254,216,276.0899963
14/10/2020,235.9491577,89.76344299,65.19000244,219.2672882,153.6822205,132.4091644,163.4371948,40.7472496,600.8200073,306.1228333,75.32421875,212.1399994,271.4599915
15/10/2020,237.0373993,90.5109787,65.86000061,222.0267944,153.986908,131.0027924,161.6551971,40.09067917,585.1799927,310.0567017,77.31324005,208.6000061,215.2799988
16/10/2020,240.1240234,91.11896515,66.20999908,220.8712006,154.9992676,131.5812988,162.6109009,39.62312317,599.7399902,309.7671509,75.40377808,207.3399963,218.0800018
19/10/2020,237.0373993,90.87975311,65.73000336,217.2449646,152.5224152,129.5365601,157.8721619,38.95660019,583.1400146,307.3009949,72.14178467,203.1699982,220.5099945
20/10/2020,241.1924744,91.08907318,65.55999756,216.9560699,152.9352264,127.0330048,158.9971313,39.25504303,576.6300049,306.132782,71.97272491,203.9600067,214.5399933
21/10/2020,239.1545105,92.4744873,65.98000336,219.0281982,152.2177277,127.322258,161.6253357,39.7126503,572.4000244,306.7917786,72.35063171,205.5599976,211.3800049
22/10/2020,233.2483521,90.82992554,66.94000244,213.5091553,149.6917572,126.5941315,155.2041168,38.98644257,575.7299805,293.5524292,73.5539856,207.8600006,210.0800018
23/10/2020,235.1775055,92.41468811,67.41999817,214.6249084,149.986618,126.444519,152.2672882,38.61836624,579.8099976,301.639801,74.41921234,200.8000031,211.5800018
26/10/2020,234.5839233,91.25850677,66.38999939,211.2377625,150.0554047,126.3547516,150.2364044,38.01153564,585.7399902,302.8579102,73.34514618,198.5800018,207.1499939
27/10/2020,233.6341858,90.80002594,64.13999939,212.9014587,148.079834,126.2949066,147.150238,38.62831497,582.5200195,301.3602295,71.98265839,199.0599976,212.1900024
28/10/2020,227.6686707,88.43782806,61.15999985,210.2216339,147.3132019,125.2775269,140.2611237,36.33031464,567.039978,294.9602356,68.01456451,189.8300018,208.3399963
29/10/2020,229.1724091,88.9262085,58.33000183,209.932724,146.1730652,123.5818863,138.9370575,36.75807953,555.789978,294.5608521,68.481987,191.5899963,207.0099945
30/10/2020,227.1938019,88.7069397,59.09999847,207.9203796,141.8287659,119.5223389,135.9902802,37.29527664,543.5599976,289.9180908,66.83110046,190.6999969,208.3600006
02/11/2020,230.9927521,89.90297699,62.38000107,208.7273102,143.4505005,119.502388,141.2168427,38.42935562,548.5800171,293.0631714,68.39247894,189.1999969,207.4199982
03/11/2020,231.724823,93.44129944,64.63999939,213.289978,143.3915253,120.4300003,149.3304443,39.16550827,557.1900024,290.5570984,70.36161041,191.5099945,211.1399994
04/11/2020,234.5344543,93.80011749,63.99000168,215.411911,145.4752045,124.988266,151.2717438,38.27018356,587.1400146,301.5499573,69.19803619,203.3899994,215.0899963
05/11/2020,237.3539581,96.84007263,67.87999725,217.1851807,144.9837799,128.0005188,150.9730835,41.00590134,588.8099976,305.3440552,71.04782867,208.3200073,219.4799957
06/11/2020,239.5601196,97.13907623,67.93000031,220.5623474,144.167984,118.8839874,149.4001465,41.20486069,578.0300293,306.1427917,69.62567902,206.6699982,220.2799988
09/11/2020,235.4347229,92.67383575,68.81999969,209.6936493,135.8528748,116.6696854,151.2219696,38.67805481,567.5499878,297.0070496,77.38285065,203.4600067,222.8500061
10/11/2020,229.8946228,94.66725159,71.12000275,209.7633667,133.493988,118.624649,153.9198761,37.36491394,559.2199707,290.1876831,77.10439301,199.9799957,215.3500061
11/11/2020,235.899704,95.49451447,69.40000153,212.7619934,138.5754547,119.4724655,158.4794312,36.95704269,567.7299805,298.1252747,76.56735229,201.8999939,216.7200012
12/11/2020,235.464386,93.88980865,68.83000183,211.9749756,138.9784241,119.013649,161.7945709,37.29527664,556.7800293,296.5078125,75.74191284,198.9700012,218.3099976
13/11/2020,240.4900665,94.33833313,69.05000305,213.0907288,142.17276,120.4898529,164.3530884,37.81257248,566.4299927,303.526886,79.07352448,198.5099945,225.5200043
16/11/2020,236.5328369,96.44139099,67.66999817,212.2837982,139.5681458,118.2954941,170.7444305,37.56386948,559.289978,294.9502563,81.82831573,194.8800049,224.2700043
17/11/2020,236.6218719,96.82012939,67.27999878,207.9602203,139.980957,118.2156982,171.1824799,36.7481308,538.1500244,298.3150024,84.64278412,194.5099945,222.9600067
18/11/2020,235.1577148,96.24204254,65.95999908,207.7809143,139.9612885,116.5400162,171.1824799,35.63394928,519.039978,298.519989,85.09030914,194.2599945,216.3500061
19/11/2020,235.8798981,97.58760071,63.61000061,210.4109192,140.5510254,119.831543,172.8350677,35.33550644,514.710022,297.7600098,84.49360657,197.4400024,211.9700012
20/11/2020,230.1716156,96.92977142,62.95999908,209.4346161,140.2561493,121.5570984,170.8738556,35.71353531,518.7399902,290.1000061,84.40409851,196.4400024,215.2100067
23/11/2020,226.461731,95.12573242,63.91999817,210.2415466,137.5729065,121.5471268,172.210907,34.18153381,523.6099854,286.269989,86.07488251,196.5700073,217.8699951
24/11/2020,225.6208038,95.79353333,63.38999939,212.1742096,130.3291321,119.9412613,165.4358368,33.24641418,506.1000061,279.8900146,88.26280212,197.4600067,216.5
25/11/2020,230.5079803,95.98290253,62.18999863,216.1790161,133.4251862,121.1980286,165.6353912,33.86319351,508.3099976,282.6099854,87.08927917,198.7200012,218.1000061
27/11/2020,231.586319,96.04270935,63.16999817,217.1851807,134.388382,123.8511963,164.3781586,34.05220795,514.0499878,285.730011,85.24943542,200.5200043,226.7100067
30/11/2020,228.7272339,95.8430481,61.65000153,217.7530365,132.4423065,127.4220047,166.5334167,34.4998703,516.0300293,287.1799927,82.94216919,200.7200012,227.75
01/12/2020,233.3077087,96.65164185,62.86999893,219.008255,132.8157959,127.0824203,166.5733337,35.77322006,514.0700073,288.7799988,84.34442902,200.75,230.3000031
02/12/2020,226.451828,93.83654022,63.84000015,216.7169495,129.8966675,129.3795776,164.2484436,35.78316879,505.1300049,284.480011,85.01074982,200.2400055,226.6999969
03/12/2020,223.8004913,92.47890472,63.68000031,213.6785126,131.361145,128.2210236,164.8870392,35.32555771,498.8399963,286.3999939,85.74668884,200.8099976,226.8699951
04/12/2020,226.2242889,93.99626923,64.59999847,212.6225128,133.1499786,128.5306244,166.1342926,35.12659836,492.4500122,286.4500122,88.66060638,203.9900055,228.3200073
07/12/2020,221.8713531,95.33393097,64.56999969,212.5527802,132.9140778,130.6779633,170.4547882,36.31041718,495.4100037,283.7900085,87.81526947,205.2599945,227.0599976
08/12/2020,221.2184143,95.72325897,65.01000214,210.5702972,131.0859375,131.9863434,183.8253479,36.16119385,497.1400146,280.8500061,88.77000427,206.9199982,229.8300018
09/12/2020,217.0930176,93.19765472,63.45000076,208.1893463,127.5279312,133.0050812,179.5846863,35.21613312,488.6400146,275.8800049,88.12999725,204.4100037,224.3800049
10/12/2020,217.063324,93.09783173,61.31000137,205.0911102,127.439476,134.5131989,182.9871979,35.05696106,478.980011,275.6000061,86.90000153,207.75,224.0399933
11/12/2020,217.4689484,92.41901398,60.70999908,205.8283234,128.039032,135.6318207,187.7267609,34.89779282,479.769989,275.6199951,86.66000366,209.9900055,224.1699982
14/12/2020,214.4021149,90.14298248,59.72999954,205.1210022,126.9881516,137.3696594,188.7046051,34.11189651,500.3800049,274.1700134,85.75,212.1100006,228.1300049
15/12/2020,214.9264221,91.87995148,60.38000107,206.9938965,127.6920471,140.4858093,193.1548157,35.18628311,491.7900085,276.2900085,87.25,213.5099945,228.8099976
16/12/2020,217.2710876,90.27275085,61.02999878,210.2216339,128.465332,141.4246521,192.8255463,35.84285736,486.5700073,275.7600098,86.37000275,215.4799957,232.1100006
17/12/2020,220.3280487,91.82006073,62.09000015,211.7458496,132.7779083,139.6768188,193.3244476,37.09631348,496.2099915,282.0400085,86.55000305,217.9299927,236.9199982
18/12/2020,219.1507721,92.0296936,61.15000153,209.68367,132.8671417,142.4333954,194.7413177,36.3900032,498.8900146,276.9299927,84.87999725,217.8200073,236.7200012
21/12/2020,217.4293823,92.5687561,58.68999863,210.1618652,133.4917145,140.8353729,194.1226807,36.34999847,496.7399902,274.9200134,84.93000031,214.8899994,234.5500031
22/12/2020,218.1317902,92.32917023,58.06999969,212.2638855,137.3482513,139.2573242,193.6038208,35.29000092,490.0599976,275.9200134,82.87999725,216.3399963,234.8999939
23/12/2020,215.0748291,91.45069885,58.68000031,210.3710785,135.6133118,141.3347473,192.4463654,35.91999817,492.1900024,272.980011,84.26999664,214.0099945,235.8399963
24/12/2020,217.5221252,92.1794281,58.02000046,210.4806519,136.2478027,141.6343842,193.5339813,36.02999878,488.9299927,275.019989,83.90000153,214.5899963,234.4600067
28/12/2020,219.929657,91.21112061,58.83000183,209.5940247,137.4176636,140.5457306,193.2346497,35.68999863,482.9599915,276.25,85.44999695,216.8000031,232.4700012
29/12/2020,219.3426971,92.07959747,59.02999878,210.5404053,136.8128967,140.5257568,190.3310242,35.74000168,484.2200012,276,84.76000214,215.6300049,233.4900055
30/12/2020,219.2034149,92.69852448,58.91999817,209.1357422,137.1598969,141.8740845,190.7501068,36.56000137,478.2999878,274.5599976,86.15000153,214.5,232.6799927
31/12/2020,223.3021698,93.01796722,60.02999878,209.504364,138.309906,143.4221649,192.4164429,36.02000046,483.1099854,282.1300049,85.41000366,216.3999939,236.3399963
04/01/2021,218.4672394,89.60391998,62.09000015,209.2748413,134.1262054,139.3372192,187.5471649,38.50999832,482.8599854,275.6300049,85.12000275,213.5800018,229.4299927
05/01/2021,219.5715179,90.46242523,61.06999969,206.3010101,131.8162689,141.144989,189.4629517,38.5,483.4500122,272.5799866,85.33000183,206.5,228.5800018
06/01/2021,213.7815247,91.5105896,67.66000366,214.8632202,130.9735718,136.6305847,181.5603485,38.45999908,470.0899963,264.6400146,87.48000336,199.5099945,226.6499939
07/01/2021,216.378067,90.52231598,69.75,217.268219,132.4606628,140.5657196,180.8917999,38.36999893,481.2000122,265.25,88.27999878,200,232.8999939
08/01/2021,221.0538177,90.4125061,68.20999908,215.3621826,132.4507599,141.6843262,185.6513367,36.52000046,498.730011,267.8200073,87.84999847,202.4400024,237
11/01/2021,213.8113708,90.40251923,68.68000031,214.8133087,130.1408081,141.0451202,184.2843475,35.77999878,502.9200134,260.3599854,87.08000183,199.1499939,234.6399994
12/01/2021,213.8014374,90.08307648,68.13999939,217.9268494,130.3787231,138.8877869,183.5060577,36.04000092,505.75,261.2099915,87.55000305,198.5800018,229.3800049
13/01/2021,215.3434448,90.93160248,66.51000214,217.7671814,132.0046234,136.1711578,181.7499084,35.63999939,511.8999939,265.4200134,85.56999969,199.3999939,227.1000061
14/01/2021,213.8810272,89.77362061,65.02999878,212.7975159,132.3020477,138.7679443,177.2398529,35.61000061,517.9099731,264.1199951,85.38999939,195.6999969,226.1199951
15/01/2021,218.7557373,90.26276398,63.99000168,211.0012512,135.3059692,138.8278656,176.6112366,34.50999832,517.9299927,269.1000061,83.91000366,195.2700043,225.5500031
19/01/2021,215.7612762,90.26276398,62.79000092,205.6324005,136.8029938,141.2548523,175.6333923,34.86999893,533.8900146,269.1400146,81.94999695,197.0800018,231.9100037
20/01/2021,221.6308289,92.09957123,62.41999817,204.6943512,139.5095062,145.419693,177.7487335,36.04000092,542.2700195,272.5400085,82.33000183,199.9400024,236.6999969
21/01/2021,221.0538177,91.14124298,62.75,207.2889709,140.0052032,145.7892303,178.0979614,35.70999908,535.4799805,272.6900024,84.16999817,197.1399994,238.6399994
22/01/2021,222.7649536,90.58220673,61.50999832,205.7821045,139.2517548,145.8191986,178.3474121,35.22999954,537.7800293,272.7099915,83.86000061,194.75,237.5899963
25/01/2021,226.3364258,89.70374298,60.93000031,206.1413574,141.4030762,146.1188202,178.3573914,35.18999863,548.2000122,276.5299988,84.80999756,192,241.3099976
26/01/2021,231.0917664,88.64559174,60.09999847,205.692276,144.5953827,146.1188202,180.0935669,35.09000015,544.0999756,277.480011,85.12999725,196.0500031,237.6399994
27/01/2021,227.8784332,85.18161774,58.41999817,199.2157593,147.8868103,146.0489044,178.3174896,33.74000168,515.5599976,271.7000122,79.15000153,194.5800018,225.25
28/01/2021,227.132309,88.10652924,60.77000046,198.6369629,143.6238098,142.8328857,180.7421417,34.58000183,506.269989,269.8599854,79.37000275,196.8099976,230.0399933
29/01/2021,226.1872101,87.86693573,60.29999924,194.2061768,142.7117157,143.0226593,176.720993,34.50999832,503.8399963,268.6700134,76.87000275,194.0700073,229.0800018
01/02/2021,234.3548584,89.26450348,59.59999847,192.3500366,146.9350891,145.6893463,179.9139557,35.68000031,508.0799866,278.269989,78.62000275,198.7100067,231.7700043
02/02/2021,234.9318542,90.35261536,59.63999939,194.9446411,147.3316345,148.7855225,180.0636444,34.61999893,499.980011,281.8999939,80.26999664,202.4600067,217.3300018
03/02/2021,231.1116791,90.80182648,60.47999954,195.3737335,146.0527344,140.6456146,178.3972931,34.61000061,491.1799927,272.1199951,79.05000305,199.1499939,211
04/02/2021,231.002243,88.74541473,60.40000153,195.3138733,143.8022614,138.4583282,180.492691,33.84000015,498.8399963,274.2399902,81.36000061,199.3099976,213.7100067
05/02/2021,231.7881775,89.23455811,58.88000107,193.4178162,144.3078766,141.0451202,178.2476349,34.61000061,498.980011,273.8599854,81.86000061,199.5200043,215.2599945
08/02/2021,231.5891876,89.56398773,58.24000168,197.9683533,145.1109009,142.2835846,179.0159454,35.22000122,494.8999939,267.0100098,81.69999695,200.5200043,214.3699951
09/02/2021,230.4650269,88.63560486,60.27000046,203.067749,146.9648285,145.9290619,182.8076019,35.18000031,490.6799927,266.6600037,81.05000305,200.2899933,213.8200073
10/02/2021,230.4650269,89.75366211,61.06000137,200.9022522,146.2609253,144.4309082,182.598053,35.27999878,491.2200012,266.019989,80.93000031,203.1499939,212.5299988
11/02/2021,226.6448364,88.37605286,59.97000122,199.6248932,143.5742493,147.1475525,176.5613403,34.81000137,490.5400085,265.019989,80.48999786,204.5500031,210.5
12/02/2021,226.0180817,89.52405548,59.20000076,198.1878967,138.8551788,147.5570374,176.8008118,34.77999878,485.6199951,263.9400024,79.51000214,202.3899994,213.9799957
16/02/2021,223.8194733,90.02318573,58.18999863,199.8144989,136.0197906,145.5994568,174.4459991,34.09000015,480.7099915,259.5,80.87999725,198.1499939,210.2700043
17/02/2021,225.1426239,89.70374298,58.61000061,201.0818787,137.0904999,145.6493988,176.2021332,33.22000122,481.6799927,259.5599976,79.51999664,199.1100006,214.8500061
18/02/2021,227.0825653,90.21286011,58.72999954,202.4091187,136.753418,147.2274475,177.1699982,32.79000092,477.0299988,262.7999878,79.58999634,201.0899963,209.8300018
19/02/2021,225.2023163,90.32266998,57.97000122,200.7425842,135.2762299,145.7692566,176.5399933,32.74000168,470.3699951,261.769989,80.40000153,197.9499969,207.0200043
22/02/2021,223.9090271,87.91685486,58.27999878,198.3575439,136.4163513,142.0838165,169.9299927,34.20999908,460.5799866,259.7000122,80.80999756,193.2299957,214.9600067
23/02/2021,222.0188141,86.35956573,59.29999924,194.7749786,136.118927,140.9951782,171.8699951,33.43999863,468.0299988,248.7899933,79.72000122,192.0599976,216.4400024
24/02/2021,223.6205139,86.11000061,59.34999847,192.2103271,133.9874115,137.509491,170.6999969,33.70000076,458.6000061,250.5099945,81.95999908,195.5099945,217.0399933
25/02/2021,223.5906677,86.11000061,58.75999832,188.2884674,133.2141266,135.072525,163.5,32.33000183,453.1900024,256.519989,80.06999969,190.3600006,212.9799957
26/02/2021,215.0151367,85.38999939,58.54000092,188.5978394,133.5710297,133.8040924,161.8800049,31.12999916,450.5700073,255.1300049,79.12999725,194.0299988,212.5500031
01/03/2021,212.6673126,86.5,59.38999939,192.4997101,131.8162689,137.1000061,166.6100006,30.89999962,463.0499878,247.9400024,81.16999817,195.8000031,210.3800049
02/03/2021,207.7328949,86.34999847,59.13999939,186.1129913,129.9920807,136.8200073,166.0899963,31.95999908,454.8599854,246.3300018,82.19000244,193.9900055,212.0599976
03/03/2021,201.863327,84.59999847,58.79999924,182.5104828,124.5790558,133.0500031,167.0399933,31.35000038,446.730011,239.1600037,81.19999695,190.4799957,208.4400024
04/03/2021,200.1522064,83.5,59.29000092,177.77034,127.8903198,131.2899933,163.8300018,31.37000084,449.3800049,235.9199982,77.69999695,190.3000031,207.7899933
05/03/2021,198.968338,82.20999908,60.52000046,178.3391724,130.8645172,132.6000061,169.75,31.78000069,461.5700073,242.1900024,78.76999664,193.7700043,211.9799957
08/03/2021,197.6352539,82.58999634,61.72000122,181.6023712,131.0429688,127.2099991,173.1399994,31.38999939,463.1900024,242.8200073,81.5,188.8500061,213.5800018
09/03/2021,201.6544037,86.26000214,61.49000168,186.3125763,133.9180298,130.9299927,174.8999939,32.29999924,470.6300049,247.9700012,79.5,191.9900055,214.0399933
10/03/2021,203.3655396,85.22000122,61.59000015,187.1608276,134.1856995,130.1199951,172.5500031,32.43000031,467.9500122,249.8399963,79.66999817,190.1000061,214.2899933
11/03/2021,212.7966309,83.52999878,61.88999939,189.276413,133.6900024,131.3399963,170.7200012,33.04999924,469.9599915,258.6300049,79.5,192.0200043,215.1499939
12/03/2021,214.0899353,84.63999939,62.90000153,191.561676,134.1900024,130.4900055,170.5299988,33.08000183,471.4599915,261.019989,79.08999634,188.1000061,214.3300018
15/03/2021,217.3629608,85.40000153,62.79999924,193.6972351,135.0700073,130.8899994,173.6499939,33.61999893,483.9400024,265.480011,79.76999664,190.3699951,219.6499939
16/03/2021,221.6905212,83.90000153,62.97000122,193.1483765,135.6799927,131.7400055,172.5700073,33.49000168,482.1700134,269.9299927,75.91999817,191.1300049,218.9900055
17/03/2021,222.0188141,83.51999664,61.88999939,187.1208954,134.6799927,130.6000061,171.9900055,34.20999908,496.0100098,267.7200012,78.34999847,190.7400055,217.0800018
18/03/2021,221.3622131,82.62999725,63.56999969,178.4289856,134.1600037,128,172.6999969,33.61999893,474.6799927,267.6700134,79.30000305,188.5200043,213.3600006
19/03/2021,220.7155762,81.25,64.23999786,187.3903351,133.5099945,128.3999939,174.1799927,33.88999939,473.7000122,266.0700073,79.62999725,192.0500031,216.1100006
22/03/2021,224.6651001,84.31999969,64.45999908,193.5575256,136.5500031,131.4100037,175.1300049,33.49000168,483.2200012,274.1000061,79.81999969,194.4499969,218.8200073
23/03/2021,228.6643677,85.33000183,64.05999756,196.681015,140,133.0500031,175.4799957,32.63999939,469.7600098,274.1400146,76.45999908,196.2599945,213.5899963
24/03/2021,225.829071,85.34999847,64.94000244,196.671051,140.0899963,129.8000031,174.4100037,32.29999924,460.3200073,272.4599915,76.66000366,195.0299988,211.5399933
25/03/2021,226.0479279,84.05000305,64.94000244,197.3695831,138.3600006,130.0299988,177,32.24000168,463.480011,272.3599854,78.11000061,193.3800049,212.3600006
26/03/2021,237.5881042,84.08999634,64.86000061,202.6585999,142.9100037,132.8500061,182.5,32.77000046,476.9100037,282.5700073,80.20999908,199.6799927,214.6399994
29/03/2021,240.5825653,85.09999847,65.63999939,202.9679565,144.5500031,134.9700012,183.6900024,32.86000061,481.519989,281.3999939,78.77999878,201.1799927,216.7100067
30/03/2021,235.9266968,84.52999878,65.37999725,201.3313599,141.2400055,134.4299927,183.2799988,31.82999992,470.6700134,276.2399902,80.12999725,194.8699951,212.9900055
31/03/2021,237.8268585,84.73999786,63.90999985,202.1995392,140.8399963,135.3699951,181.1300049,32.5,473.1400146,277.5499878,79.91999817,198.7599945,214.8899994
01/04/2021,238.821701,86.26999664,63.25,201.9799957,143.25,137.9600067,182.6100006,33.59999847,474.9299927,281.1799927,79.48999786,201.8999939,213.0399933
05/04/2021,243.4875031,86.87000275,63.95999908,207.7799988,145.7700043,141.5399933,186.7400055,33.70999908,484.5599976,285.1099854,83.11000061,206.1799927,215.3200073
06/04/2021,242.3235474,87.98999786,62.63999939,205.6300049,144.6699982,141.2799988,185.0200043,34.27999878,478.6799927,285.4599915,83.68000031,205.5800018,215.3000031
07/04/2021,243.4477234,86.52999878,62.61999893,205.7299957,142.8999939,142.0099945,181.5899963,33.93000031,481.7900085,284.1900024,83.98000336,204.3699951,212.7200012
08/04/2021,239.8662872,87.62999725,61.54000092,207.1900024,141.8800049,141.5500031,183.7400055,34.72999954,476.3599854,279.6400146,83.11000061,204.7400055,210.2799988
09/04/2021,239.1499939,89.86000061,62.61000061,206.6600037,141.2599945,140.4600067,185.8099976,34.72999954,475.1700134,275.6900024,84.94000244,205.3000031,213.3500061
12/04/2021,241.5,90.69999695,62.43000031,209.0399933,143.5200043,141.4499969,187.2200012,33.95999908,472.7999878,280.4899902,85.40000153,203.7200012,213.6000061
13/04/2021,243.0099945,90.76000214,62.22999954,212.0399933,146.1900024,142.1100006,187.9900055,34.56000137,477.0400085,282.1300049,83.83999634,205.1900024,215.9400024
14/04/2021,241.6799927,89.47000122,62.58000183,213.5500031,143.6199951,141.6100006,185.5299988,34.29000092,481.1600037,281.0299988,83.98000336,203.8800049,217.1300049
15/04/2021,247.1600037,90.55000305,64.23999786,215.75,147.2400055,142.7700043,188.3500061,35.70999908,494.6400146,288.4400024,84.01000214,208.3200073,221.1000061
16/04/2021,248.6199951,91.01000214,64.95999908,216.7400055,145.9600067,141.0500031,190.9799957,36.02999878,502.6000061,288.3299866,84.73999786,208.1600037,219.3899994
19/04/2021,248.5399933,90.90000153,65.37999725,216.7299957,147.7599945,139.6300049,189.5899963,35.79000092,499.6900024,288.0899963,83.98000336,207.2599945,219.1799927
20/04/2021,252.6699982,92.29000092,65.43000031,218.2899933,150.9400024,140.8600006,192.1999969,36.20000076,504.4200134,292.019989,84.55000305,209.5,220.1600037
21/04/2021,252.1799927,92.90000153,65.48999786,216.8399963,150.8200073,141.0399933,192.6300049,36.83000183,506.480011,291.3500061,87,211.1100006,219.7599945
22/04/2021,251.5399933,92.69000244,64.63999939,215.1600037,149.0500031,141.2599945,221.4100037,36.18000031,490.4299927,294.5700073,86.38999939,212.3699951,215.9799957
23/04/2021,254.0399933,93.98000336,65.37000275,213.3099976,149.0399933,143.1399994,229.7200012,36.06000137,488.6400146,296.4899902,88.37999725,211.4700012,217.8999939
26/04/2021,252.9900055,92.90000153,66,211.7299957,148.2299957,143.7899933,225.5299988,35.97999954,501.1700134,296.7799988,87.80000305,216.6600037,216.9700012
27/04/2021,252.4900055,92.90000153,61.31000137,212.3999939,147.9299927,143.4600067,234.3399963,35.29999924,491.8099976,294.7799988,89.13999939,220.0500031,215.5299988
28/04/2021,252.0299988,93.13500214,60.57500076,211.3200073,147.3800049,143.9750061,233.8800049,35.11999893,490,293.9949951,89.48000336,219.1799927,213.6300049
